{
  "theory": {
    "R_ohm": 1000.0,
    "C_f": 1e-09,
    "cutoff_hz": 159154.94309189531,
    "tau_s": 1.0000000000000002e-06
  },
  "simulation": {
    "cutoff_hz": 159158.1416328355,
    "t_step_s": 1.01e-07,
    "t_tau_s": 1.1009683327072128e-06,
    "tau_s": 9.999683327072129e-07
  },
  "error_pct": {
    "cutoff": 0.0020097025439765707,
    "tau": -0.0031667292787307365
  },
  "acceptance": {
    "cutoff_within_5pct": true,
    "tau_within_10pct": true
  }
}